Input_Dim,a,b,c,d,e,f,Epochs,g,h
100,0,64,300,0.0005,2,3,5328,0.09968779236078262,0.1148647665977478
200,0,64,300,0.0005,2,3,14906,0.09528138488531113,0.10372892022132874
300,0,64,300,0.0005,2,3,17275,0.08816158026456833,0.27350178360939026
400,0,64,300,0.0005,2,3,26955,0.09205469489097595,0.10059583932161331
500,0,64,300,0.0005,2,3,24423,0.08732086420059204,0.24274024367332458
600,0,64,300,0.0005,2,3,19605,0.08572578430175781,0.1503317803144455
